round,Cluster,X1,X2,Label,GT_Label
,0,7.9762594822546315,3.835814647080075,,2
,0,7.8097248450809404,3.9413896026283903,2.0,2
,1,7.048469945127476,3.7902673248925614,2.0,2
,2,5.635513986908644,4.429815329862624,,0
,2,5.503543416563251,4.067618322069911,,0
,2,5.410993424444283,4.173050276973329,,0
,2,5.583332424370012,4.341775944274344,,0
,2,5.661183268544348,4.210013080428743,,0
,2,5.816675093787543,4.47971020357403,,0
,2,5.689815645359137,4.581718552100017,,0
,2,5.549519853374087,4.272970444701346,,0
,2,5.493979257328546,4.068376517433962,,0
,2,5.885081549715322,3.950000696786317,,0
,2,5.2700175872829504,4.199334221864019,,0
,2,5.578093944880417,4.57128951912754,,0
,2,5.927634175685554,4.277150338508709,0.0,0
,2,5.267227097884506,4.198471967352306,,0
,2,5.619804224972107,4.349714075545981,0.0,0
,2,5.270943883912393,4.102674399697839,,0
,2,5.763932264362407,3.904117454807593,,0
,2,5.559944654263285,3.993073740009173,,0
,2,5.67626626467179,3.9736262830566536,,0
,2,5.77620112916694,3.811974108049969,,0
,2,5.482910660428594,4.2640282075225215,0.0,0
,2,5.478990049217397,4.310803050852688,,0
,2,5.266558499896045,4.003898301798555,,0
,2,5.389178839955707,3.858580928829416,,0
,2,5.199021861976397,4.10511761298657,,0
,2,5.623804513101511,4.570199299644075,,0
,2,5.424872968317716,3.607090445028703,,0
,2,5.607759105570357,4.264171948129313,,0
,2,5.167126559630438,3.9786606720587185,,0
,2,5.072344218350212,3.8845160933148053,,0
,2,5.267480544598217,4.243283337599627,,0
,2,5.979444071912388,4.037891608934619,,0
,2,5.117008673956837,3.830049736304213,,0
,2,5.329115299057286,3.7950518894971292,,0
,2,5.2120982897153345,3.761296008323609,,0
,2,5.342433157001162,3.646577456262191,,0
,2,5.474941777462348,3.5653254876369496,,0
,2,5.371765346635704,3.854151296096684,,0
,2,5.7222754218465965,4.133893433901265,,0
,2,5.804881871830495,4.033333413761775,,0
,2,5.8222560930224905,4.4974627481671074,,0
,2,5.3700840318374565,3.7958563457612264,0.0,0
,2,5.240661785289391,3.7460253733111815,,0
,2,5.495012278442613,3.784506076769504,,0
,2,5.068290289770003,3.902603052755337,,0
,2,5.214385362752426,3.85243749538021,,0
,2,5.247558230421592,4.071868246775472,,0
,2,5.222662672558254,3.9040571178446166,,0
,2,5.166268534086452,3.9878677157032287,,0
,2,5.5552104367262425,3.7647126079281725,0.0,0
,2,5.299087236656413,4.038229679562405,,0
,2,5.886618956062103,4.045783097432877,,0
,2,5.808214023038729,4.027577586305633,,0
,2,5.2083799872569765,3.7831883997555025,,0
,2,5.395272810960182,4.022360395728638,,0
,2,5.381667965596371,3.779999595019106,,0
,2,5.951633413369693,3.8500399858516157,,0
,2,5.288398477185464,4.267193347622865,,0
,2,5.025623428985632,3.896341959173587,,0
,2,5.341915170795338,3.6486165110811406,0.0,0
,2,5.40671542519703,3.6707872022405708,,0
,2,5.821804197678174,4.216156231095205,,0
,2,5.315407063470332,3.5406044471993243,0.0,0
,2,5.829984772627621,4.318133845184239,,0
,2,5.368310850631592,3.5440562731989105,,0
,2,5.848835146786051,4.046763302781005,,0
,2,5.117876110981553,3.8618714848695936,,0
,2,5.195804762132452,4.240160495770838,,0
,2,5.389526949826695,3.5286686000675824,,0
,2,5.297529759571697,4.204530179312543,,0
,2,5.2029265855165745,3.7688575232811825,,0
,2,5.900146229846464,3.965601990141092,,0
,2,5.802244388012837,4.409963189862897,,0
,2,5.427551912636718,3.4800184352737844,,0
,2,5.579825384512767,4.175894419417815,,0
,2,5.39318757576821,3.466502831977555,,0
,2,5.548094350722112,4.084591003348951,,0
,2,5.317412807948235,3.8697741376443937,,0
,2,5.7335206122760285,4.0583946757999625,,0
,2,5.3275770443774135,3.753700987422745,,0
,2,5.178839638731924,4.025469837786252,,0
,2,5.129619149681478,3.686092297144412,,0
,2,5.33433638369714,3.702617285417919,,0
,2,5.7361729760941005,3.8096350121473064,,0
,2,5.653842086312208,4.51148230468818,,0
,2,5.3282629561767045,3.5586085710668565,,0
,2,5.441092493729483,3.9438068306605913,,0
,2,5.188310329831681,3.999952194816773,,0
,2,5.504867718044104,3.7196976627060945,,0
,2,5.771875015031346,3.875727218554811,,0
,2,5.728464697297826,3.9292154763448157,,0
,2,5.198255388528905,3.603760866039906,,0
,2,5.489806171551601,3.4326592943208643,,0
,2,5.796675412297056,4.075922029234985,,0
,2,5.421813712569618,3.9270437770222366,,0
,2,5.939125869380928,3.53934997785048,,1
,2,5.124895518232473,3.6818653014619804,,0
,2,5.618624451778842,4.042137839904283,,0
,2,5.800769872504171,3.8348413976957243,,0
,2,5.665993197251659,4.061766216306416,,0
,2,5.415112213228759,3.488705195921218,,0
,2,5.523903688975405,3.749541683351601,,0
,2,5.176852819653273,3.700012000740569,,0
,2,5.41238885553245,3.635687344661683,,0
,2,5.051634224033639,3.7850836415560702,,0
,2,5.323594272592057,3.927514778370608,,0
,3,7.855844119761047,2.969947806505919,,2
,3,7.378279032525239,2.6893424261870704,,2
,3,7.666075336138079,2.7839002567632343,2.0,2
,3,7.416568562115697,2.6222373512780983,2.0,2
,3,7.489464681515271,2.98849035289015,,2
,3,7.730548813795637,2.904552725513251,2.0,2
,3,7.501083039949444,2.7559594838945074,,2
,3,7.2898104943790125,2.8417516647990997,,2
,3,7.20169863623709,3.262729641760866,2.0,2
,3,7.118594688298312,2.952786024393173,,1
,3,7.14171350730962,3.2971814805054964,2.0,2
,3,7.141614684895054,3.031125053556094,,2
,3,7.766415803625619,2.5873151372929235,,2
,3,7.770549786414306,3.0716467204593885,,2
,3,7.188098959290207,3.1597572021822717,,2
,3,7.151773855266167,3.0551596108193495,,2
,3,7.292599007627022,2.9879285543755456,,2
,3,7.578909638013381,2.994973025612459,,2
,3,7.839670693437847,2.9863599108019754,,2
,3,7.3510910466651955,3.162873015475716,,2
,3,7.738556712264968,3.097851956773177,2.0,2
,3,7.787788000807249,3.0813200491284602,,2
,3,7.562015465826551,2.4579294234766484,,2
,3,7.52612311814689,2.8881793505792746,2.0,2
,3,7.293193797341961,2.7633738774342507,2.0,2
,3,7.690546295279605,2.9542464876262966,,2
,3,7.6055315100524785,2.897335751468379,,2
,3,7.5669203825154305,2.9146293869777207,,2
,3,7.299825524710058,2.728682995001887,,2
,3,7.743180928009585,2.7657080430619936,,2
,3,7.202804526769344,3.185691535437912,,2
,3,7.075940487740962,2.9909048947773402,,2
,3,7.63561347178058,2.962706887563426,,2
,3,7.156394608410017,3.0534356266152143,,2
,3,7.314088374528866,3.188401819433093,,2
,3,7.7536169680694655,3.0001400669844047,,2
,3,8.007712341515631,3.1506327139340806,,2
,3,7.197028005785081,2.8845627617334695,,2
,3,7.69046921762363,2.4801355494337534,,2
,3,7.713500760179452,2.891516669225305,,2
,3,7.386597351737101,2.9718712044890445,,2
,3,7.554730928487957,2.698602733636344,,2
,3,7.259022430176036,3.0715668441890345,2.0,2
,3,7.131868683315319,3.1091150500647644,,1
,3,7.5686601703351455,2.886857163535033,,2
,3,7.893941342216741,2.959792637291988,,2
,3,7.270126497905912,3.0216231276111514,,2
,3,7.27379353835524,3.1929597258778717,2.0,2
,3,7.2284943562074835,3.112801192990303,,2
,3,7.341829676982316,2.948283757202886,2.0,2
,3,7.718978902033752,2.81871821049283,,2
,3,7.143721592850812,2.92418896595045,,2
,3,7.530750557672433,2.9074505677188625,,2
,3,7.243572246784806,2.6954601313840216,,2
,3,7.158936509768836,3.183252845906278,,2
,3,7.624557564027474,2.929824585255597,,2
,3,7.208002064973055,3.1596852546356264,2.0,2
,3,7.084135495428336,3.1051254389170775,,2
,3,7.1604695830955,3.008847224504221,,2
,3,7.598020292066417,2.5947286586107854,,2
,3,7.09884508390523,2.99358147536946,,2
,3,7.502923271412278,2.8255827057549094,2.0,2
,3,7.275086285756621,2.7737885438949315,,2
,3,7.241110381215664,3.1500792934799753,2.0,2
,3,7.089880993448272,3.1175167318426578,,2
,3,7.617358992416484,3.0798096450649544,,2
,3,7.752549781725894,2.9020792362085928,,2
,3,7.111920733137598,2.9709754690446433,,2
,3,7.120470581937195,3.275069331135923,,2
,3,7.199700476968441,2.9012682244457566,,2
,3,7.083875768945396,3.1477553137112935,,1
,3,7.212555582400006,3.0341421036944975,,2
,3,7.3146350403281915,2.9562167793545346,,2
,3,7.142480040261365,3.261560194815056,,2
,3,7.71906834056515,2.8377975995102993,2.0,2
,3,7.067753042701049,2.9933213045231164,,2
,3,7.893703730019173,2.935331949922714,,2
,3,7.74558230862443,3.1018766192162737,,2
,3,7.384402355106504,2.887838870234381,,2
,3,7.422557662487089,2.7832360869636794,,2
,3,7.089768262263318,3.19160671708955,,1
,3,7.197684285017895,3.012519829932494,,2
,3,7.655246946371797,3.1984535166028905,,2
,3,7.327371557708491,2.8028526749856035,2.0,2
,3,7.7284935571045095,2.7763144343946458,2.0,2
,3,7.610689398965185,2.836573172279586,,2
,3,7.431988094173143,2.7993363203212183,,2
,3,7.243330943267731,2.9363807060019824,,2
,4,5.73444194760129,2.663926707794177,,1
,4,5.826254370227501,2.691986539198923,,2
,4,5.643693219787002,2.8575761245773945,,1
,4,5.569606820752978,3.0361282253521282,,1
,4,5.639516580366613,2.983742498254592,,2
,4,6.001571825869186,3.0089930273890517,,2
,4,5.635340726047644,2.8749780698440905,,2
,4,5.361097030405664,2.800494912847578,,1
,4,6.069303026238008,2.961751091099098,,1
,4,5.926893317595713,2.5650384248393534,,1
,4,5.819089890448974,2.5926222990324574,,1
,4,5.92144420251149,3.1267930610785606,,1
,4,6.049789311246501,3.1846075509977756,,1
,4,5.696188619850731,2.8019343463508584,,1
,4,5.650513953056423,2.9445907661465567,,1
,4,5.556736579544703,2.6960645636988914,,1
,4,5.978804162354911,2.868153463667724,,1
,4,5.4639146914516985,2.756516798604985,,1
,4,5.834371011607617,2.5288719051058353,,2
,4,5.758714035399176,2.5679714983482067,,1
,4,6.0332189027201375,3.1013383483581727,,1
,4,5.7617171487415275,2.613293331293583,,1
,4,6.043965476838838,2.9772022341197135,,1
,4,5.7388058102139485,3.051115903223365,,1
,4,6.147277540219323,2.93850644544351,,1
,4,5.712029244413029,3.0214569433521725,,1
,4,5.699991429845836,2.877794105495206,,1
,4,5.6036973649128035,2.818319036032659,,1
,4,5.728815676639105,3.0676384037488793,,1
,4,5.645134456797252,2.81809797547766,,1
,4,5.846317894149417,2.776287160662945,,1
,5,5.878541060383128,1.943214552751953,,2
,5,6.043894710080076,2.2160825254281122,1.0,1
,5,6.212218041808224,2.263031118465684,1.0,1
,5,5.880581232598954,2.980876553666499,,2
,5,6.143296230923967,2.965596420178463,,1
,5,6.901304925579738,2.3899301770611414,,2
,5,6.360401376569711,2.3254024892993628,,1
,5,6.367681494868431,2.404303550633932,1.0,1
,5,6.5510411207962225,2.7173207466690537,,2
,5,6.424890210129524,2.0492541376986235,,1
,5,6.520429813198955,2.638007122908281,,2
,5,6.707041307067511,2.5185860491615615,,2
,5,6.212084495783882,2.2235616697045457,1.0,1
,5,6.0860013974572205,2.2076779934782533,,1
,5,6.309752193536355,2.660209815432008,,1
,5,6.202162377294526,2.598127575507275,,2
,5,6.306539510133036,2.4695178310571806,,2
,5,6.086218374966787,2.2462432640900643,,1
,5,6.536779134543062,2.6658899820457274,,1
,5,6.3962336147712735,2.506044301311608,,2
,5,6.292464727088104,2.719833584066331,,2
,5,6.140445838995479,2.5088022377765644,2.0,2
,5,6.363762926676367,2.769610923991563,,2
,5,6.228656637253098,2.6994052444691485,,2
,5,6.6478978276538845,2.630492983910062,,2
,5,6.314189492045375,2.3849469821170426,,1
,5,6.482237459432424,2.3499636945739684,,1
,5,6.148348311654592,2.3937821742171925,,2
,5,6.391006321902062,2.1267800942694537,,1
,5,6.360721201020043,2.5068224852856855,,1
,5,6.361158606925656,2.4984681739241514,2.0,2
,5,6.27927389447291,2.575515808324054,,2
,5,6.2778638139531475,2.761181243653154,,2
,5,6.271988711847102,2.832941125266409,,2
,5,6.471340948921013,2.519419719364277,,2
,5,6.387604052366236,2.734522123218225,2.0,2
,5,6.413709444527982,2.8006234003878925,1.0,1
,5,6.286053580170752,2.7467503328401834,,1
,5,6.391572257221162,2.633099827781284,,2
,5,6.352957436252622,2.4900648200195192,,1
,5,6.005369135051547,2.327560832774977,,2
,5,6.306001105094347,2.782900124076202,,2
,5,6.393764770774455,2.8348725626561335,,2
,5,6.3085316273813845,2.5988920487535334,,2
,5,6.785603848468517,2.6678123225256436,,1
,5,6.358517265026544,2.794685289611636,,2
,5,6.388858995942198,2.752172770655715,,2
,5,6.783743761528019,2.4941824641829586,,2
,5,6.301595884692608,2.873591736480694,,2
,5,6.4701590792472805,2.5902931673248624,,1
,5,6.683793576525326,2.506155529938794,,2
,5,6.285127142570006,2.6038067556017137,,2
,5,6.146438570101057,2.6414819398062495,,2
,5,6.473891236400515,2.7546917731051628,,2
,5,5.9617256750087995,2.2960038975458112,,2
,5,6.334108969771311,2.685049661468129,,2
,5,6.129708458217157,2.895725215625286,,2
,5,6.709206399455986,2.442819487878378,2.0,2
,5,6.235593802844222,2.666698862655118,,2
,5,6.662743923177011,2.6993110229587516,,1
,5,6.133391573338352,2.4526032642033466,,1
,5,6.217497963202036,2.741888303537981,,2
,5,6.2183083025390005,2.824976877394163,,1
,5,5.979774539333514,2.119162010270857,,1
,5,6.302228132206622,2.3135711413119853,,1
,5,6.210551088353992,2.825177942424426,,2
,5,6.805416642116741,2.486582744523259,,2
,5,6.221981244448557,2.8668627277179315,1.0,1
,5,6.186706660149155,2.175682652630412,1.0,1
,5,6.185608345538218,2.7369094052447034,,1
,6,6.211545115849905,3.444669674013013,,1
,6,6.304770516896649,3.511930735549469,2.0,2
,6,6.2661715538205325,3.465936570588674,,2
,6,6.284488302822601,3.4317100688319586,,2
,6,6.2965603473471194,3.443466691881157,,2
,6,5.968252479179524,3.503126198211229,,1
,6,6.391439483244328,3.3782640014448684,,1
,6,6.244444911295177,3.424755904182779,,2
,6,6.079388999359937,3.3539815938382924,,1
,6,6.449165767818693,3.352992536456232,,2
,6,6.157068541052291,3.32619231646992,,2
,6,6.127297544206868,3.5312994304030125,,2
,6,6.277086053965804,3.232364649029618,,2
,6,6.092729084471413,3.507526905017404,,1
,6,6.313542905786548,3.3178991248516474,,2
,6,6.3781199714469885,3.305429573933619,,2
,6,6.172516167276654,3.1443085928398387,1.0,1
,6,6.050635520133154,3.435189279830836,,1
,6,6.309450276414327,3.423572469588985,,2
,6,6.359900143261013,3.1243375407294858,,2
,6,6.3673307842383995,3.3573473829135843,,2
,6,6.435957597579244,3.215449174646804,,2
,6,6.016694191632308,3.116311557955857,,2
,6,6.268085917456685,3.415699580456769,,2
,6,6.361669740743953,3.281376787939585,,2
,6,6.123990727647264,3.4152258675467095,,1
,6,6.091316510756602,3.516064985762703,,2
,6,6.3362185003770355,3.2579265531563224,1.0,1
,6,6.170153651955325,3.1061113434749803,,2
,6,6.337691643353759,3.3620882969237575,2.0,2
,6,6.416733007842535,3.1399816099210835,2.0,2
,6,6.208500933109389,3.3576611853552922,,2
,6,6.395133686822428,3.381498582878362,,2
,6,6.415275455436332,3.508111259310326,,2
,6,6.178106983558436,3.0479393653728457,1.0,1
,6,6.006141661661286,3.3400919909313855,,1
,6,6.238151800162286,3.5248471463365303,,2
,6,6.492004956760012,3.2870408186541984,,1
,6,5.945187699373718,3.1115871819965433,,2
,6,6.263939536429791,3.3411153311572317,,2
,6,6.246260408117643,3.3463493150058157,,1
,6,6.23196302814572,3.3970728778183097,,2
,6,6.338395467777225,3.0714829008099938,,2
,6,6.513074750372607,2.9415333562462087,,2
,6,6.7849473078600395,2.4815709100111523,,2
,6,6.827029386179196,2.983281344740772,,2
,6,6.836917045956623,3.221184071569071,,2
,6,6.728293124693512,2.660115332708378,,2
,6,6.740483448872782,2.997782303428039,,1
,6,6.940912772956582,3.019450498748975,,2
,6,6.802525370913702,3.0140115580525757,,1
,6,6.947787670998439,2.964586674583573,1.0,1
,6,6.956311344760763,3.2308819042181276,,2
,6,6.630348709617007,2.917814879293788,,2
,6,6.46756796101603,3.104351247494217,2.0,2
,6,6.520110352447363,3.0023057095410772,2.0,2
,6,6.411945540884484,3.044167064559344,,2
,6,6.620390328380636,3.143978280245095,,2
,6,6.56749456004515,3.118331266056878,2.0,2
,6,6.570259144736393,3.02050821361007,,1
,6,6.833792092696023,2.8366021998487057,,2
,6,6.650654502859424,3.1470069781990357,1.0,1
,6,6.846439658013759,3.0085582676366682,,1
,6,6.55065239198395,3.2398277537118325,2.0,2
,6,6.770513291094201,3.16337649660313,,1
,6,6.799163189785731,3.097639656320332,,1
,6,6.674490705023008,3.052838107214755,,2
,6,6.846572481444272,3.3683588793454327,,2
,6,6.5646625170870525,2.8173089926527703,,2
,6,6.568363852037156,2.983769475948849,,2
,6,6.639056990288038,3.133753615876773,,1
,6,6.363533162704293,2.8965702908659985,,2
,6,6.472344407059871,3.0055223689468584,,2
,6,6.646090647778584,3.429546109895022,,2
,6,6.728392109356807,2.367434079399172,2.0,2
,6,6.528838803313513,2.6364072556610014,,2
,6,6.651909652950616,3.0434868318185733,,1
,6,6.638517251800605,2.924614622714426,,1
,6,6.4483551292539705,2.8528436360517535,,1
,6,6.937776675467072,3.1990232106851204,,2
,6,6.9851263912896915,3.156010713537489,,2
,6,6.639835900097926,2.9220695439363396,,1
,6,6.837299150071128,3.1183586107290275,,2
,6,6.662076353548504,3.072399022381745,,1
,6,6.746576472336852,3.23088053808978,,2
,6,6.817843499763914,3.338241784508829,,2
,6,6.585177071710454,3.1339914505134967,,2
,6,6.885861397846642,3.1050173929701432,2.0,2
,6,6.4393153437304615,3.1692489017532894,,2
,6,6.832565832777231,3.048126777559802,,1
,6,6.791848398536398,3.216482828268269,1.0,1
,6,6.626511574824294,3.343032480736493,,2
,6,6.957206630851416,3.167616001669624,,1
,6,6.687831969185577,2.9571672106275897,1.0,1
,6,6.754393698767839,3.0437109432074982,,1
,6,7.0427705535488005,2.977695195035235,,2
,6,6.375502254673482,2.752271273414334,,2
,6,6.395866615973374,2.816945221722383,,1
,6,6.611704678924471,3.2283253005707824,,2
,6,6.8324351750617875,2.823190030993266,,1
,6,6.692843309214552,3.078230032596777,,2
,6,6.673579838102442,3.381225694529693,2.0,2
,6,6.958189451748004,3.1721633299451613,,2
,6,6.3502750017917915,2.9597000816192898,,1
,6,6.634849479448238,2.961892701528232,,2
,6,6.841047930953929,2.719123047743585,,2
,6,7.058720234420308,3.1645033839579946,,2
,6,6.614730433569123,3.2599969762824434,,2
,6,6.9297381800594,2.7701751637469645,,1
,6,6.813229482577906,3.279572826188831,,2
,6,6.70109936581327,3.1969921814291165,,1
,6,6.742880435645386,2.8461336278698703,,1
,6,6.504960316098254,3.058771342240338,,1
,6,6.355618821995143,2.9224915565915652,,2
,6,6.521289694761568,2.815235286744875,,2
,6,6.352537175021855,2.856894131157235,,1
,6,6.856531244257672,3.101376422664582,,2
,6,6.322537505011374,2.8422770529641244,,1
,6,6.429304266416274,3.1267776230528708,,2
,6,6.796977349646893,3.1659299810032318,,2
,6,6.664101274062553,2.849828021024583,,2
,6,6.909081163297309,2.975054843203303,,2
,6,6.403447788913417,2.700631677767494,,2
,6,6.621307206408007,2.805943606243184,,2
,6,6.844982817519657,3.1385433449019224,,2
,6,6.721523178471287,3.3253071142637354,2.0,2
,6,6.693415708533896,3.384321689824915,,2
,6,6.999719233127813,3.071434168272871,2.0,2
,6,6.8801703575212185,2.960269999742892,,2
,6,6.903176510919626,3.0166023422966277,,1
,6,6.922331500859214,3.2933635636916883,,2
,6,6.653442115514646,3.1650473521130698,,1
,6,6.6672444856314135,3.412507655311077,2.0,2
,6,6.611617792046629,2.9346238321924254,,1
,6,6.586996214707467,3.195489487771045,,2
,6,7.178705653911487,2.7680696866223253,,2
,6,6.337962405890092,2.829828051261273,,2
,6,7.109411035504847,2.8935871947687284,,2
,6,6.625688868844443,3.1966634816567785,,2
,6,6.344483967745612,2.79980822968163,,2
,6,6.601101938659718,3.087283336676752,,2
,6,6.860419925430678,3.227716508840164,,2
,6,7.008369809547497,3.1784786641703597,,2
,6,6.897414701043779,3.090749459812603,,2
,6,6.473107997124385,2.9785959564754916,,2
,6,6.813957620665309,2.894973667176404,1.0,1
,6,6.681321541099043,3.1526901204982374,,2
,6,6.878654534312996,3.335045547244144,,1
,6,6.81086532338876,2.5082380727418023,,2
,6,6.940794386164986,3.013176547943329,,2
,6,6.834722704168015,3.084654725565491,,2
,6,6.546259972320729,2.892321848778299,,1
,6,6.458596620809923,2.7339455362518654,,1
,6,6.792950380494993,3.1084728661522485,,2
,6,6.556909208768318,2.8780476990119945,2.0,2
,6,7.1002878899590955,3.1746643373060532,,1
,6,6.387487277812613,2.989070725520234,,2
,6,6.897291254342619,3.2423910396361824,2.0,2
,6,6.589540565667286,3.0742882750297458,,2
,6,6.662494903380544,2.880283639537402,,2
,6,6.779434098210602,3.0958554702128063,1.0,1
,6,6.539127087369875,2.7713999861785337,,1
,6,6.460241366167747,3.045108408138999,,2
,6,6.689461773851991,3.481380450827916,,2
,6,6.919585085987701,3.047412559638208,2.0,2
,6,7.102218459113946,3.2827747544608967,,2
,6,6.861679739872681,3.200566366248336,,2
,6,6.5800324535597206,2.951530340404062,2.0,2
,6,6.903865572450188,2.9552147352951357,,2
,6,6.432260250925636,3.443644195155477,,1
,6,6.7404242598353115,3.1575769284521393,,2
,6,6.738041739266937,2.432962965077087,,2
,6,6.403975210943171,2.534262211937648,,2
,6,6.605858399156944,2.5857227367802524,,1
,6,6.456827550725334,2.838517510523404,,1
,6,6.779236973195406,2.947450853973481,,1
,6,6.410453710006054,2.6735361206678196,,2
,6,6.42574927982909,3.0358840798532016,,2
,6,6.542746665633375,3.059726336120243,,1
,6,6.487357964669069,3.2818937495214406,,2
,6,6.574168914566726,3.071069324733118,,1
,6,6.77628828927517,2.423220287133972,,2
,6,6.529024711635292,2.7104307280969433,,2
,6,6.129347364588744,3.3383145936372993,,2
,6,6.538247589987219,3.1041841836650512,,2
,6,6.564630289015529,2.6514226665221092,,2
,6,6.739201431501952,3.0420930398732304,,1
,6,6.823264748180664,2.873474428051451,,1
,6,6.737729955498529,2.9684545137305607,,1
,6,6.641555845801718,3.149239443711264,,2
,6,6.711490267840276,2.3983350519000166,,2
,6,6.668826295174365,3.0640879854639964,,2
,6,6.5644955902756,2.8607908175655266,,1
,6,6.30022024047789,3.1426335524591447,,2
,6,6.6233834265171625,2.8989537794909577,,2
,6,6.516987997541944,3.0035028573493427,,2
,6,6.677322219107282,3.2544208164295205,,2
,6,6.8869543178817585,3.2625504758859956,,1
,6,6.5111401235683175,3.0924163240861167,,2
,6,6.9881343154406075,3.4746556645478317,,2
,6,6.316664282333938,3.349213422157169,,2
,6,6.50952911653156,3.102619385980266,,2
,6,6.810167394690448,3.281495535877153,,2
,6,6.963538057129494,3.111411841976484,,2
,6,6.603946286521861,2.9973389447335803,1.0,1
,6,6.437149376295012,2.7151030045345323,,2
,6,6.3484615418524335,2.824444004130138,,2
,6,6.6868254692305396,3.010454385306962,,1
,6,6.6590132243190565,3.14816327288926,,1
,6,6.923370602543967,3.4650489329920195,,2
,6,6.950077270000818,3.052862135410305,,1
,6,6.771098574442373,2.6514739209402753,,1
,6,6.643294804928667,3.1225186451579683,,2
,6,6.4146717244079525,2.763813746886576,,2
,6,6.736448262428726,3.2202452336136687,,2
,6,6.496884769058846,2.9113797335228466,2.0,2
,6,6.238416870724859,2.965960715282386,,1
,6,6.3755533950441885,2.8257675919531158,2.0,2
,6,6.508615117384213,2.61514160048104,,2
,6,6.370418079696941,3.090111662460428,,2
,6,6.359354564607474,2.8871737773626927,,1
,6,6.991957216300573,2.9497156587577975,,1
,6,6.428108972194813,2.9051014218300315,2.0,2
,6,6.949893537143571,3.08827517941501,,2
,6,6.370754065840306,3.114863023066563,,1
,6,6.6237415723300375,3.099279192116239,,1
,6,6.333325813125665,2.7531453887848345,,2
,6,6.375228447281573,2.932017963023579,,2
,6,6.102962756691524,3.3756424737453394,,1
,6,6.373513111032164,3.0404504840490834,,2
,6,6.403648596184689,2.7494275273434003,,2
,6,6.609642421414745,3.0556142266520827,,2
,6,6.554636281273737,3.378290635512537,,2
,6,6.919157530330781,3.280654507164227,,2
,6,6.844551262320232,3.233679395314351,,2
,6,6.720282581975359,3.2642936766920783,,1
,6,6.301945513308039,3.363523170415811,,2
,6,6.364046163543646,3.184246696690219,,2
,6,6.753863036894486,3.2898923002509566,,1
,6,6.946627522385547,2.958521833145528,,2
,6,6.490957101352249,2.85574952396715,,2
,6,6.627342527438558,3.0846650940219185,,2
,6,6.519162547540688,3.121151251102328,,2
,6,6.893076064133169,3.1255687061304323,,1
,6,6.348185316535729,2.934043357438091,,2
,6,6.765229302603032,3.020269704718687,,1
,6,6.44316138701674,3.07619728940937,,2
,6,6.676682602531531,3.3299305743134187,2.0,2
,6,6.8997393951252315,2.7232624105992382,,1
,6,6.38739774100459,3.364662185164754,,2
,6,7.05735273878314,3.1967145630224025,1.0,1
,6,7.001525148840825,3.0054464237818834,,2
,6,6.568096520022222,2.754963956248095,,1
,6,6.844651431032945,2.8119069814593707,,1
,6,6.543800897205394,3.0555501990873335,,2
,6,6.642921752265664,2.533873972877646,,2
,6,6.404947982508272,2.852985807958577,,1
,6,6.869459123989026,3.1416122472849173,,1
,6,6.3541105913088325,2.988835280762003,2.0,2
,6,6.362860056529026,2.883514426683224,1.0,1
,6,6.828512075980175,3.275774229262486,,2
,6,6.583777368246255,2.829754373455611,,1
,6,6.764737287526607,2.9998240627272406,,2
,6,6.597058201851033,3.135336195842272,,2
,6,6.544463499969389,3.109625586679739,,2
,6,6.778145947972471,3.1332457814411847,,2
,6,6.7549555992844175,3.0402890870766535,,2
,6,6.599056138220782,3.2701000500498703,,2
,6,6.709875571676075,2.9810113071261695,,1
,6,6.459407228276459,2.982250927749399,,2
,6,6.601443277245334,3.0598018735792114,,1
,6,6.85721425321575,3.14517051901754,,2
,6,6.591535265919759,3.000811328671029,,2
,6,6.494005842917741,2.8389021708035895,,1
,6,7.015939093744233,3.199033163479798,,1
,6,6.679642312041792,3.1119584789734014,,1
,6,6.706168055554954,3.114886076892963,,2
,6,6.79736618443609,3.0584458173736917,1.0,1
,6,6.259059830064185,3.4251713643778174,,2
,6,5.97468145262087,3.5150254555811355,,2
,6,5.961091548760757,3.3066266374529047,,1
,6,6.3306191448283355,3.4263358288677663,,2
,6,6.518754599359898,3.4856423824484923,,2
,6,6.155224445935179,3.1336720630974355,1.0,1
,6,6.101316105068156,3.431750106923993,,1
,6,6.216633998593219,3.435757471407602,,1
,6,5.935597520566444,3.2611786879641333,,1
,6,5.969956702258792,3.3748820818766396,,1
,6,6.03732073241789,3.3874302537259404,,2
,6,6.067519919281525,3.0479924863291346,,2
,6,6.318667686041411,3.2417628041046878,,1
,6,5.837388847934949,3.346926601170359,1.0,1
,6,6.305709552914291,3.2818226815676863,,2
,6,6.437393385869474,2.8814549997559142,,2
,6,6.553477001082441,2.7962053783265177,,2
,6,6.749533510086948,2.96616960434801,,1
,6,6.54441697556601,2.8192371426289187,,1
,6,6.744247357513145,3.2641271631613193,,2
,6,6.704529531590417,3.033146469674491,,2
,6,6.541140046771375,2.9868012777159736,,2
,6,6.669510945122908,3.055701032952414,,1
,6,6.702087898784285,2.899391097136389,,2
,6,6.782847777172583,3.2826812810010213,,1
,6,7.041819704794969,3.1301347865194904,,2
,6,6.815360163703285,3.3103130395916867,,2
,6,6.950656943716288,3.364788311922117,,2
,6,6.621847450719853,3.364669903594593,,2
,6,6.598663965034196,2.9503179914640967,,1
,6,6.982728058923819,3.1660274917499316,,2
,6,6.644403990134869,2.992128256296189,1.0,1
,6,6.571485071285632,3.2414064686206845,,2
,6,6.18300730668902,3.446292976601395,,1
,6,6.95676700408569,3.206703360418146,,2
,6,6.487344930630082,3.2337829427431366,,2
,6,6.489925657209356,3.274290588256602,,1
,6,6.813588082255125,2.82293776974418,1.0,1
,6,6.435886427095501,2.905811624512359,,2
,6,6.656496042993153,2.9966799569111657,,1
,6,6.6977536353347356,3.200654496708077,2.0,2
,6,6.68327126239287,2.8900894831669834,,1
,6,6.319289230059745,3.2599272404109083,,2
,6,6.243611921391616,3.367927570302919,,1
,6,6.684776298221156,2.7874902748842154,,1
,6,6.302928706593027,2.953242154862744,,2
,6,6.511007233360557,3.0696706898169346,,2
,6,6.7969227396696335,3.3342839365944723,,2
,6,6.662612428778537,2.9632125570358023,,2
,6,6.256949220497775,3.2434247397028755,,2
,6,6.608629893932788,3.14430172389267,2.0,2
,6,6.438536198021027,3.1177967860616795,,2
,6,6.481395836610753,3.0707004621179035,,2
,6,6.780290685028114,3.23633549543035,,2
,6,6.470613994118845,3.011925686406243,,2
,6,6.710591228042221,2.9195746251939916,,1
,6,6.855420421453477,3.1214464079068094,,1
,6,6.708673542115912,3.213223386726612,,1
,6,6.2082020466766945,3.385787377853202,,2
,6,6.505330135796999,3.00683168369483,,2
,6,6.709429280392173,3.3245422802283273,,2
,6,6.165333107363207,3.355283496388132,,2
,6,6.399786294681007,3.3956266679921145,2.0,2
,6,6.631685878758473,3.020954095897438,,1
,6,6.5544564828277005,2.9201881369188976,,1
,6,6.612112428556498,2.8653689617645934,,1
,6,6.245801284435208,3.1593380019909567,,1
,6,6.289705462622656,2.9829195379416786,,2
,6,6.9254231054033095,3.09390246707626,,2
,6,6.6283197523426445,3.0909627944143363,,2
,6,6.374232696877657,3.221655969740212,,2
,6,6.483645856837098,2.984743065261626,,1
,6,6.56202944780872,3.0500098388961,,1
,6,7.030928205669746,3.1864152089140654,,2
,6,6.871089674763985,3.0772869820200492,,2
,6,6.790160677694393,2.963853924806917,,2
,6,6.359808149189535,3.313395720915753,,2
,6,6.6845602832616775,3.18277324294192,2.0,2
,6,6.668951982184226,3.1062522808348203,,2
,6,6.7375075049585975,3.09655157631265,,2
,6,6.824186798274776,2.98382695579404,,2
,6,6.628715778638365,3.1193723540436173,,2
,6,6.653581866802875,3.0594048252872024,,1
,6,6.5290372848602996,3.1540545850467896,,2
,6,6.8429189644337685,3.167444427488549,,2
,6,6.527938483835179,3.378821591874045,,2
,6,6.22758630572522,2.9570803753808135,,2
,6,6.366567968255654,3.007717766301935,,1
,6,6.735705215767946,2.7231614946331137,,1
,6,6.065576720723065,3.3701109797504207,,1
,6,6.131895247029912,3.1603905317364887,,1
,6,6.718925773315527,3.1128322057843993,,2
,6,6.829221276750152,3.2928705771745905,,2
,6,6.56447819180421,2.863957096945702,,1
,6,7.003977551630174,3.015036881659713,,2
,6,6.127912478382331,3.3313286856403552,2.0,2
,6,6.403856026476424,3.1214445115188516,,2
,6,6.489260992968345,3.054990355594055,,2
,6,6.418469593815324,3.2437306396552152,,1
,6,6.454204532264302,3.24972934346295,,2
,6,6.313682474302317,3.489292365399738,,2
,6,6.580128907085843,3.1127718451636093,,1
,6,6.2243212475308525,3.0373873296524354,,1
,6,6.371583839156795,2.883798873144247,,2
,6,6.716177289091598,3.1866462317672353,,2
,6,6.256465661314711,3.614394517041596,,2
,6,6.584796678076777,3.06749254671056,2.0,2
,6,6.24155954714554,3.369585752734992,,1
,6,6.364322320236199,3.2424756082889536,,1
,6,6.804519172697933,2.8124736708455664,,1
,6,6.497749551414678,2.8942923186558303,,2
,6,6.202701551470641,3.0440479352006276,,1
,6,6.548156952508902,2.803812934738013,2.0,2
,6,6.623506056170277,3.245282825632957,,2
,6,6.283216646129698,3.0457288666624205,,1
,6,6.555996612774084,3.248787727180721,,2
,6,6.399405127858521,3.1573111143591297,,2
,6,6.073278014658202,3.2875513786005675,,2
,6,6.910891677877183,3.0667565779942065,,2
,6,6.522005976957704,2.969944725724868,,1
,6,6.76197698242824,2.828740935228384,1.0,1
,6,6.2769912632599745,3.3222886047620777,,2
,6,6.822057674951285,3.08006823844265,,1
,6,6.696778875332732,2.8675446222692047,,1
,6,6.979446598853509,3.050014855411387,,1
,6,6.97424216089776,3.1598007731778015,2.0,2
,6,6.562399572587572,2.990576228964997,,2
,6,6.45581248118319,3.310917704532256,,2
,6,6.473491520092769,2.827451477841134,,1
,6,6.695773596788787,3.1073776611357733,,2
,6,6.704942942940599,2.8586845288800546,,1
,6,6.724235001285856,3.0708398438211133,,1
,6,6.786918079570882,3.2722381002341505,,2
,6,6.6610132994394515,2.9560713005706694,1.0,1
,6,6.453557120179786,2.910756643532537,,1
,6,6.870011844660645,3.0916559870193985,,2
,6,6.299648678722186,3.344066321151767,,1
,6,6.233905278390673,3.0799072603443776,,2
,6,6.493564482088114,2.990864176511482,,1
,6,6.800177824272275,2.9655676717598705,,1
,6,6.178687368653797,3.2344863508671695,,2
,6,6.412852992023942,3.2488407989439265,,2
,6,6.5810809023020695,3.0109412961940474,,2
,6,6.920950728725827,3.2629271621144196,,2
,6,6.690880101128646,2.793534089571686,,2
,6,6.079163463992346,3.35639231340171,,2
,6,6.837661399543348,3.086950594390346,,2
,6,6.649589820030486,3.0201283118680444,,1
,6,6.753237398265012,2.82186213869351,,2
,6,6.35609410760109,3.0005544869571845,,2
,6,6.894270508819541,3.0159752085315312,,1
,6,6.546382165603183,2.8642420870065646,,2
,6,6.4453309739932605,3.0168487828336468,,2
,6,6.782551761045336,2.8814776504537223,,1
,6,6.696960146407872,2.9388831768416512,1.0,1
,6,6.357924548460159,3.2065236184628385,,1
,6,6.4220426270124715,2.96675731851915,,2
,6,6.410056134220602,3.2022101016908286,,2
,6,6.285289490189646,2.9759625445672913,,2
,6,6.868475559449226,2.9627401329852208,,2
,6,6.731166384778298,2.894928617635007,,1
,6,6.284695328406087,3.377246793589535,,2
,6,6.364176027667557,3.1798038024012216,,1
,6,6.721242029812493,2.958618455210393,,2
,6,6.152587477921349,3.4486650732053787,,2
,6,6.283091512029635,3.3409951095436927,,2
,6,6.701244159149943,2.964495260801635,1.0,1
,6,6.746456012847161,3.2024260123421002,,2
,6,7.0566856896328245,3.247376983095259,,1
,6,6.847177826955304,3.235237937526871,,2
,6,6.396928334292733,2.985742447496696,,2
,6,6.16496095801287,3.1002981348600427,1.0,1
,6,6.688931980422865,3.1349690470379996,,1
,6,6.956284766160068,3.1421142112932063,,1
,7,4.400507622749926,2.3591086728253394,,0
,7,4.536792550512083,2.2395315041250257,,0
,7,4.746893820027474,2.233978869290832,,1
,7,4.875110598768952,1.897633527565157,,1
,7,4.595917453880867,2.335547758964812,,0
,7,4.763030545216223,2.526011163045028,,1
,7,4.744411566657682,2.360223266979624,,2
,7,4.775765339064284,2.3220899382651496,,1
,7,4.400963359340296,2.3972681705917194,,0
,7,4.845638805105726,2.538573603256176,,2
,7,4.826870274265607,2.1022390485734683,,1
,7,4.36014254709993,2.3612770773999814,,0
,7,4.711400262840137,2.404693059670007,,0
,7,4.866272759604842,2.5345935395224184,,2
,7,4.855177783427759,2.406094090124687,,1
,7,4.451518700607776,2.784331311687002,,0
,7,4.716534582814667,2.4425369858923833,,2
,7,4.931543328141145,2.6017775432926604,,2
,7,4.971711489352451,2.473787662922259,,1
,7,5.169075846888824,2.6815815671034304,,1
,7,5.221289449937755,2.6107700049420073,,1
,7,5.168626832563233,2.73110815258715,,1
,7,5.339948840123819,2.5666775639923043,1.0,1
,7,4.862978811747601,2.396468485812309,1.0,1
,7,5.190361586276838,2.5181413656362674,,1
,7,4.770952838120628,2.5146940004327885,,1
,7,5.173588448227325,2.6378163520697284,1.0,1
,7,4.9340767146710105,2.2871550244460086,,1
,7,4.921871559444687,2.0936985204763063,,1
,7,5.227983324093803,2.5355729308907735,,1
,7,5.067812552895932,2.3961293714961087,,1
,7,5.4195156297948355,2.2738483374082943,,1
,7,4.9472029107457995,2.4650214646502975,,2
,7,5.4513255097334525,2.6108162711862355,,1
,7,4.925499692395649,2.1541507812923086,,1
,7,4.956915604294689,2.550627956285164,,1
,7,5.34797232203666,2.8012072482561776,,1
,7,4.872510776931686,2.0326833585141544,,1
,7,4.820402682584922,2.75860662530636,,0
,7,5.300940054833989,2.533576735293115,,1
,7,5.159811321904105,2.102203228062709,,1
,7,5.376081472582711,2.3394438281642627,,1
,7,5.135682202729795,2.554030359727782,,1
,7,5.279354235573985,2.637550994386813,,1
,7,4.964583694786428,2.0182247868779943,,1
,7,5.445438830569317,2.5563887318843586,,1
,7,5.560117010943513,2.247199426326495,1.0,1
,7,5.153965266370498,1.8155429157952447,,1
,7,5.486856692553132,2.411212206785746,,1
,7,5.1469445917544006,2.589555357967724,,1
,7,5.421314854819838,2.6510799231962148,,1
,7,5.5156056503574105,2.5105998612045153,,1
,7,5.137796706632427,2.5380793135366715,,1
,7,5.101673970981738,2.24118208036572,,1
,7,5.480924841836396,2.209708187416285,,1
,7,5.049564971247407,1.9700561190942545,,1
,7,5.537429991165973,2.520428145355731,,1
,7,4.91017171863113,2.21925845803842,,1
,7,5.61838439997667,2.3213786606400633,1.0,1
,7,5.532384285021942,2.3593184516607124,,1
,7,5.430779288596983,2.4470500716333947,,1
,7,5.426130227738335,2.4306457387245386,,1
,7,4.933912808786005,2.383641705772919,,1
,7,5.376748474207799,2.3704957725000906,,1
,7,5.524268559913608,2.293612081664549,,1
,7,4.932059769786723,2.3907307145231362,,2
,7,5.073248229767406,2.1400309648555647,,1
,7,5.549074917209889,2.2743778766418052,,1
,7,4.9265658170067175,2.539912112576718,,1
,7,5.495174674667129,2.4187544116126367,,1
,7,5.440308276582013,2.39306452377225,,1
,7,5.014509511263742,2.4885412770589834,,2
,7,5.431629293239736,2.72664346054555,,1
,7,5.499314839130042,2.5576880452747974,,1
,7,5.598827803459599,2.454063611129497,,1
,7,5.571293835355129,2.5474046368043277,,1
,7,5.617308215133624,2.461296578138946,,1
,7,5.428609015472467,2.3881810253612428,,1
,7,5.153164649390323,2.324705402148044,,1
,7,5.0159206775636775,2.17831878662932,,1
,7,5.372596535539868,2.513510969951777,,1
,7,5.488843840323403,2.3751101338704195,,1
,7,5.560561327580677,2.850842828025528,,2
,7,5.676170522807224,2.4846245711012855,,1
,7,5.438970642964499,2.4132185972257525,,1
,7,4.985858000548466,2.2182732171384396,,1
,7,4.7591661631232105,2.4851384044893687,,1
,7,4.98334716605738,2.490382954624367,,2
,7,5.60287241349604,2.268326807859542,,1
,7,5.386850214612197,2.3574025310735043,,1
,7,5.242621923994839,2.776450725952281,,1
,7,5.438308632388986,2.5443429390894297,,1
,7,4.9397019158893904,2.437077329248057,,1
,7,4.928158875952556,2.603137154384074,,1
,7,4.954955212597336,2.440661920840516,,1
,7,4.389780873632065,2.3295167341496357,,0
,7,5.5581013550869045,2.3728124466162033,1.0,1
,7,4.746020674355086,2.087819272515339,,1
,8,5.118466418657322,2.827306223924791,,0
,8,4.892575046245723,3.057666460568909,,0
,8,4.62062820470605,3.069889641929485,,0
,8,4.708253539635766,3.252016632811041,,0
,8,4.912021120534624,3.0268165126422355,,0
,8,4.857052033252943,3.2627426846857976,,0
,8,4.7389150319586095,2.9272332652424082,0.0,0
,8,4.574717300471107,3.283710180999211,,0
,8,4.568288768076626,3.37634397905279,,0
,8,5.00681032705454,3.1958207414714668,,0
,8,4.816948602912819,3.3376295427913423,,0
,8,5.0183203766524676,3.087582759362985,,0
,8,4.608143885735663,3.3203706462164053,,0
,8,5.083678386513502,3.314403746286198,,0
,8,4.601138015089572,3.29134974630277,0.0,0
,8,5.140077367143138,3.225852538567202,,0
,8,4.6900508857477154,2.9810987524098143,,0
,8,4.937248351012984,3.501302712661135,,0
,8,4.898726444809973,3.4607507228228718,,0
,8,4.806397362376396,3.046154805758809,,0
,8,4.825363891666393,3.3467079050671975,,0
,8,4.873359068140556,2.767797449977427,,2
,8,4.755801292466066,3.63938870259594,,0
,8,4.9772855596621,3.4924667111482353,,0
,8,4.283106003120079,3.004172827147333,,0
,8,4.399708724949889,2.435524066264762,,0
,8,4.370395711548459,3.1164318575366647,,0
,8,4.327163275946338,3.272178673665257,0.0,0
,8,4.571166777817095,3.473860598334604,,0
,8,4.992840968489562,3.3208121177832277,,0
,8,4.673405599287691,2.992965058035924,,0
,8,5.041748917895312,3.3977110760595552,,0
,8,5.128193289972639,2.98870095331427,,0
,8,4.975033417042793,3.4912956961022164,,0
,8,4.5108631824865295,2.852953458306355,,0
,8,5.0225768152286205,3.2792898900757796,,0
,8,5.101684984178388,3.293223122190543,,0
,8,4.388925717021137,3.2827949675486163,,0
,8,4.93555147641793,3.226853406523311,,0
,8,5.051219755018432,3.39666431253681,,0
,8,5.344815453990962,2.984714988082598,,1
,8,4.462429807499151,3.025156106390276,,0
,8,4.962689056985403,2.9722098533606864,,0
,8,4.784479263665573,3.211162041150663,,0
,8,4.602975979824698,3.3833551236177812,,0
,8,4.988621116469543,3.169545749459057,,0
,8,4.905094382749377,3.262086638962287,,0
,8,4.8338168575119616,2.9080202621666333,,0
,8,5.225748610361376,3.2613426489763944,,0
,8,4.343205489557776,2.8185066079897174,,0
,8,4.522102807842315,3.206960956816893,,0
,8,4.246216084809882,2.951897386142038,,0
,8,4.471858717531043,3.292115800926768,,0
,8,4.814071029376748,3.1529014879809036,,0
,8,4.789381699097071,3.2213816152817945,,0
,8,4.527679133610236,3.147905341018891,,0
,8,4.789485971237372,3.3952357906623103,,0
,8,4.4259415591778195,2.922429667721175,,0
,8,4.89613502899479,3.38687382242786,,0
,8,4.320312248926749,2.964089967370707,,0
,8,4.693122132138614,2.850579499618596,,0
,8,4.78830167061606,3.4303392510101203,,0
,8,4.811495260967201,2.8534608496347227,0.0,0
,8,4.773155024700684,3.151255351134826,,0
,8,4.926662620691447,2.898340234791834,0.0,0
,8,4.983935561480959,3.414832120493397,,0
,8,4.336446475383334,2.705013562542327,,0
,8,4.595661006994887,3.2952012248800115,,0
,8,4.844351067138384,3.5340786529251034,,0
,8,4.389746926279868,3.2769135778229916,,0
,8,4.951955856843922,3.0155938326477125,,0
,8,4.931808023139262,3.4054848130298727,,0
,8,5.084457230018746,3.347879714358508,,0
,8,4.644226466496975,3.196640801423109,,0
,8,4.952968976563054,3.313213586687504,,0
,8,4.631415231958779,3.214065830901515,,0
,8,4.479922062523811,3.1588786670908013,,0
,8,4.284222506482386,2.8838551794917993,,0
,8,4.595626188736709,3.0618976266228644,,0
,8,4.902514131726325,3.424403463427562,,0
,8,4.323151509793211,3.329037393573906,,0
,8,4.760820955363452,3.1537928818736294,,0
,8,4.348388675373315,3.1686628573207747,,0
,8,4.655111507719176,3.123349879711255,,0
,8,4.905234470388461,3.0021028166065076,,0
,8,4.578436279476518,3.263547045284738,0.0,0
,8,4.5744066081602,2.8087232978865053,,0
,8,4.89091640198401,3.040179095733607,,0
,8,4.754002225429297,3.274731674796133,,0
,8,4.917750552938833,3.0259659197634976,,0
,8,4.801528336664241,3.287960678118037,,0
,8,4.69000297415106,3.372316977301292,,0
,8,4.551053666413921,2.707566296859966,,0
,8,4.761460642499419,3.3007389779223897,,0
,8,4.291841211440596,3.2343020055414295,,0
,8,4.535850298925309,3.4479195700169005,,0
,8,4.406226374402993,3.056666440737577,,0
,8,5.138703630652892,3.3733024813942687,,0
,8,5.07108229500171,3.400519892664651,,0
,8,5.190460643119264,3.199803053440429,,0
,8,5.215263670614002,2.9441175984592203,,0
,8,5.083147214564611,3.2801760165132205,,0
,8,4.898028092218087,3.424224797398106,,0
,8,4.8490778850988026,3.385715186712648,,0
,8,5.060259270223078,3.5363170283004703,,0
,8,5.412411821079211,3.331391681232885,,0
,8,5.020990012765026,3.3543039342519174,,0
,8,5.05635858494511,3.224913795241811,,0
,8,5.4861493486323925,3.127666883485259,,1
,8,5.192925654418304,2.9876221739620177,,0
,8,5.14101617449246,3.447300578098296,,0
,8,5.258943575683783,2.872319100132808,,1
,8,5.439253570621956,2.8603508036942817,,1
,8,4.9749032561363,3.3768397153563954,,0
,8,5.044688801705056,2.9806107597065616,,0
,8,5.1026364438137595,3.3326056160822515,,0
,8,4.848060883034396,3.096102252740966,0.0,0
,8,4.6891027010243205,2.900219290862798,,0
,8,5.059247427323264,3.373040714361402,,0
,8,4.925281650484162,2.8399611508538607,,0
,8,4.624833026532923,3.2975633198775585,,0
,8,5.055517183145781,3.2199363990843013,,0
,8,4.688090112397173,3.3559322489955226,,0
,8,4.765130886860033,3.016174738930235,,0
,8,4.636200780067255,3.0569353649982918,,0
,8,4.983013037112522,3.205309960589615,,0
,8,5.045450046642834,3.3085800514854116,,0
,8,5.018298153380894,3.383014977477783,,0
,8,4.76439582096174,3.1976050738480732,,0
,8,4.404511767324569,2.7904149434071726,0.0,0
,8,4.271032696365178,2.987533966545074,0.0,0
,8,4.3634200921135395,2.921524057487362,0.0,0
,8,4.591777643061416,3.552792153704372,,0
,8,4.327280256025843,2.9164768032107586,,0
,8,4.6329725931404,2.988596567179828,,0
,8,4.631642507365072,3.2538867949631514,,0
,8,4.750926869276631,3.118319822793991,,0
,8,4.5449021982196625,3.2988609728444387,,0
,8,4.479493212620624,3.111894446912627,,0
,8,5.017101631607982,3.423643803961703,,0
,8,4.504586297537168,3.4730986648032096,,0
,8,4.733021805890448,3.1195427812836973,0.0,0
,8,5.055826891857255,3.7710867040894116,,0
,8,5.148905558423686,3.220881770520855,,0
,8,5.014241345787306,3.3321509760409334,,0
,8,4.911694367706441,3.350696208627499,,0
,8,4.60470344610518,3.267599494284327,,0
,8,4.88799332671262,2.997895929910699,,0
,8,4.8770739404375,3.1780396936699633,,0
,8,5.031230711827152,3.0176468590205787,,0
,8,4.5507713221257635,3.244266288427948,,0
,8,4.930915664182058,3.1645727008040714,,0
,8,4.81363007540021,3.1216111280196004,,0
,8,4.875387522312423,3.101714279132922,,0
,8,4.782301340929709,3.4365815248834353,,0
,8,4.693272728678253,3.069075704364385,,0
,8,4.789218537136582,2.94539731270702,,0
,8,4.452153326460279,2.9964378222377683,,0
,8,4.752200166733573,3.0461916367792656,,0
,8,4.944963204983584,3.37868777456123,,0
,8,4.1741510902357355,2.965124940255837,,0
,8,4.601657142068783,3.140610303054199,,0
,8,4.5794122925594465,3.5851140581371057,,0
,8,4.430321256281656,2.916439336397782,,0
,8,4.22231375880654,3.1482756827267644,,0
,8,4.463628863816414,3.437225062084922,,0
,8,4.786257079517247,2.907972223419064,,0
,8,4.555400730384565,3.3677444307587274,,0
,8,4.79225367148485,3.1660168368989074,,0
,8,4.780790600930661,3.415645916005123,,0
,8,4.525211003524133,3.5202407012042154,,0
,8,5.562170186803209,3.4232434901752247,,0
,8,5.536351809124174,3.8012831932230986,,0
,8,5.192021419868368,3.8671186614785404,,0
,8,5.183508220221477,3.4293173622971285,,0
,8,5.341566045271147,3.851715598438972,,0
,8,5.014499259791428,3.5722609794286155,,0
,8,4.959234883950765,3.691308604144384,,0
,8,4.886355125956218,3.636252134745702,,0
,8,5.011311628330396,3.663531664011702,,0
,8,5.16752628752452,3.416756979312853,,0
,8,5.093240694192876,3.8167452909579884,0.0,0
,8,5.210971910038827,3.535405592622788,,0
,8,5.169948936084954,3.3879942336403928,,0
,8,5.301087959312139,3.526190592464543,,0
,8,5.226252933745053,3.6299612142770328,,0
,8,5.160710165281515,3.4132834758946577,,0
,8,5.029983322478626,3.559212445477659,0.0,0
,8,5.0003436900475,3.563640785392959,,0
,8,5.198113075754055,3.299635346962719,,0
,8,5.096611850147596,3.508636499782713,,0
,8,5.290094817864036,3.422705269578628,,0
,8,4.969272022077376,3.4850268045293946,,0
,8,4.892017196077361,3.516838716167614,,0
,8,5.555897679466023,3.471346622767746,,0
,8,5.034221026725478,3.3865604971443255,,0
,8,5.262565689009702,3.471388404309361,,0
,8,5.256199136207579,3.3372672423325573,,0
,8,5.220082652872256,3.371906574572866,,0
,8,4.992649359783978,3.699219791936132,0.0,0
,8,4.703273651328615,3.6878010119233022,,0
,8,5.278860850435147,3.5134006432240765,,0
,8,4.775094955909701,3.599341015559275,,0
,8,5.58926508660916,3.5346158765970954,,0
,8,5.477885118817785,3.120511127561942,,1
,8,4.843161134247016,3.4453736985798424,,0
,8,4.744274100323101,3.051360771228741,,0
,8,4.940125708364009,3.5293328598826066,,0
,8,4.593795996713692,3.6048353735095526,,0
,8,4.6947749539083805,3.3583985813619357,,0
,8,5.3387145639796385,3.3597450530728956,,0
,8,4.395852201611313,3.391903161680602,,0
,8,5.095536532233178,3.611299578145286,0.0,0
,8,4.68949626514663,3.2536965450722253,,0
,8,4.649156869880347,3.0898825940531998,,0
,8,4.861463735786354,3.539932259851746,,0
,8,5.064980868425593,3.6243468776257552,,0
,8,4.9040508194624,3.251052412221828,,0
,8,4.822147636844608,3.0030706149350825,,0
,8,4.64002308685849,3.0462575643127803,,0
,8,4.327315092256657,3.0299541057617967,,0
,8,5.158341692653262,3.3256655047877977,,0
,8,5.140312399672888,3.70511943236944,,0
,8,4.794212712380844,3.5593935360557767,,0
,8,4.86105489058136,3.4167538626674996,,0
,8,5.122244273115555,3.706450868518494,0.0,0
,8,4.9576126313780415,3.6840668947105475,0.0,0
,8,4.709540170447601,3.2216816461806204,,0
,8,4.384818406025061,3.227435962677873,,0
,8,4.508846298757476,3.336578907655251,,0
,8,5.049382117280617,3.4429483250497963,,0
,8,4.681731668406866,3.4232410179225172,,0
,8,4.344417057115463,2.9308273062815053,,0
,8,5.301012480385197,3.529643828140297,,0
,8,4.395416495712121,3.36456492907172,,0
,8,5.012929898174616,3.781226682666983,,0
,8,4.52489383281316,2.9700899017895885,,0
,8,4.649041992417594,3.6186284527301957,,0
,8,4.7714667043012815,2.8648598812770634,,0
,8,4.409037343321671,2.9270402947026497,,0
,8,5.041219516720097,3.1665698996259026,,0
,8,4.9686327996835296,3.346076640624827,,0
,8,4.885909045014461,3.449300782792237,,0
,8,4.999269849577272,3.3160360374988826,,0
,8,5.167736838419531,3.25153349388208,,0
,8,4.831274809731343,3.109443286867927,,0
,8,4.994962567022245,3.628063661219372,,0
,8,5.287293432718417,3.5327783069441048,,0
,8,4.587673976111666,3.0541072531811295,0.0,0
,8,4.974909748067806,3.544579227562989,,0
,8,5.135314159269287,3.4913589239527774,0.0,0
,8,5.02735456055866,3.6326672705110123,,0
,8,4.894041444337788,3.0127184545095895,,0
,8,4.941742493912524,3.0584053500030706,0.0,0
,8,4.801767396019339,3.5544336665214793,,0
,8,4.5677902271601045,3.1769780354149004,,0
,8,4.7880390620509745,3.67234054900103,,0
,8,5.067445884737276,3.7603290616575267,,0
,8,5.17354661155861,3.5289036877186044,,0
,8,4.911730265377837,3.018868336638421,,0
,8,4.791931516130289,3.051379108013126,,0
,8,4.967033228950877,3.6358460521656486,,0
,8,5.100056495282157,3.2374247363858624,0.0,0
,8,4.802618271281791,2.9100842100616067,,0
,8,4.8429018383311435,2.8335297096111667,,0
,8,5.30035035692757,3.0338121006107692,,1
,8,4.801633554271174,3.2995853638815364,,0
,8,4.968126843721539,3.4406575844623246,,0
,8,4.788077399298858,3.189755535375243,,0
,8,4.954643639926113,3.409086995932891,,0
,8,5.3281364807886895,3.267039121608433,,0
,8,5.000623024120287,3.5882023807112366,,0
,8,4.506066723369298,3.141312994888786,,0
,8,4.835428671383607,3.387794099354541,,0
,8,4.674169568522947,3.171338757673409,,0
,8,4.926010440493887,3.024347664769581,,0
,8,4.855260159583792,3.1188792181617613,0.0,0
,8,5.348538715922843,3.425679968487558,,0
,8,5.254810601292195,3.438475851067367,,0
,8,5.157229567472939,3.3832548839004555,,0
,8,5.107518979536899,3.0763787635716433,,0
,8,4.564163658918759,3.642085925772821,,0
,8,5.525885903224356,3.302940685389297,,0
,8,4.727852411717835,3.1095551903983556,,0
,8,5.0922384469924395,3.5183146272924017,,0
,8,4.321861061322411,3.239280339463056,,0
,8,4.583718137277078,3.2942242835023547,,0
,8,4.611311931993221,3.2460965558720365,,0
,8,5.430793235798557,3.357440196851585,0.0,0
,8,4.908242650483694,3.650764229733448,,0
,8,4.745297413226272,3.3530118712752315,,0
,8,4.511461470402456,2.848669142416276,,0
,8,4.731277562934574,3.1743147068459145,,0
,8,5.007003653588683,3.198963637938932,,0
,8,5.038629164067695,3.21585276183579,,0
,8,4.836608821304665,3.2537837810185533,,0
,8,4.363801299054061,2.938274743985776,0.0,0
,8,4.828605187694604,3.0800610114340867,,0
,8,5.148325225407529,3.334857148739467,,0
,8,5.0781887986391245,3.0722165063908116,,0
,8,5.102214617662266,3.4804809250299686,,0
,8,4.92522240401852,3.1045718637085256,,0
,8,4.73657817343146,3.124209386883531,,0
,8,5.116697859040474,3.3783105091889007,,0
,8,4.99927590317231,3.0442948249341506,,0
,8,5.060712629843884,3.0443568900264246,,0
,8,4.4760573582338194,3.4435047995448134,,0
,8,5.034129942961835,3.511978802734717,,0
,8,4.221715146631461,3.2389140868453596,,0
,8,5.101377728412667,3.3024715700254905,,0
,8,4.58788192167924,3.018284293717997,,0
,8,4.588036055494355,3.2367186790908917,,0
,8,4.544539033597286,2.9551224955443107,,0
,8,4.91698795807796,3.564623999261589,,0
,8,4.935176881578899,3.093150484998563,,0
,8,4.7936208310823485,3.0856265314510667,,0
,8,5.408783464989787,2.9481325487662255,,1
,8,5.420951762867514,3.4934421814277785,,0
,8,5.319679063045053,3.5351869841206804,,0
,8,5.349359276222814,3.691042631550061,,0
,8,5.243868946429326,3.1202106048568155,,0
,8,5.191043163251244,3.709506790272753,,0
,8,5.383962579919188,3.607461964859357,,0
,8,5.204427451634155,3.3831348410778173,,0
,8,4.524409995767105,2.8255422154520065,,0
,8,4.60465912782612,2.9811389551165757,,0
,8,4.403952871621115,2.934096973798773,,0
,8,4.5709963990981475,3.317479286609775,0.0,0
,8,5.208491365460893,3.2678448958599136,,0
,8,5.47308152919228,3.2435116543052285,0.0,0
,8,5.088935078161233,3.4224619688329234,,0
,8,5.187607021740046,3.211943748950207,0.0,0
,8,4.51003908325052,3.620277811320677,,0
,8,4.6852653387159515,3.1442656728100045,,0
,8,5.344793342107439,3.5137436639150437,,0
,8,5.105169283069015,2.9234167511908353,,0
,8,4.693416281938157,3.073804428494542,,0
,8,5.51397402644099,3.292079664972472,,0
,8,4.553123183515636,3.411589581849051,,0
,8,4.815962456348865,3.036650342714793,,0
,8,4.647125263829557,3.0896500940954184,,0
,8,5.095849124025618,3.6820638975303126,,0
,8,4.611694833672927,3.1761478631872015,,0
,8,5.378756054340901,3.3018537805848838,,0
,8,5.250788511046208,3.576971543812239,,0
,8,5.167306996529041,3.523338814396537,,0
,8,4.459287378162959,3.502376171635826,,0
,8,5.031093958220907,3.1698217238204274,,0
,8,4.797402160375861,3.3696316315284083,0.0,0
,8,4.703806325799286,3.2330698482892,,0
,8,4.942561214911146,3.70985634693765,,0
,8,5.158516960484646,3.189625808924321,,0
,8,4.943321869435243,2.957972966122822,,0
,8,4.932655085776095,3.1037855836447275,,0
,8,5.050877411578445,3.4044101538937523,,0
,8,5.446053100113072,3.1534140457579314,1.0,1
,8,4.77856040545807,3.375381256067709,,0
,8,4.874930102605904,3.047382974126955,,0
,8,5.114460900631064,3.297900442869122,,0
,8,5.352341263015239,3.413014778742175,,0
,8,4.800561088796155,3.08544833752008,,0
,8,5.2135205612893625,3.4878374449879623,,0
,8,5.064437681168677,3.355872868773948,0.0,0
,8,5.351374883051243,3.0844417713487697,,1
,8,5.423212066984448,3.082015948261369,,1
,8,4.33270114793231,3.3211716853909605,,0
,8,4.447243838447269,3.2140971490836123,,0
,8,4.249897287150594,2.871872116160617,,0
,8,4.565653213016724,3.0073069440546165,,0
,8,4.586173010259518,3.0508760452499146,,0
,8,4.220388856702968,3.247537739658919,,0
,8,4.609593520112142,3.1336833354472513,,0
,8,4.557934034023259,3.2043528704756485,,0
,8,4.531916448721392,3.069645310470006,,0
,8,4.271601453722262,3.0214344053984377,,0
,8,4.960871865167796,3.590952775403157,0.0,0
,8,4.808687150929559,3.453840168899441,,0
,8,4.766841048592142,2.8350857885265492,,0
,8,4.7405208098063,2.9850652650378113,,0
,8,5.156259618986477,3.4763462783404893,,0
,8,4.997590391788532,3.646687653086376,0.0,0
,8,4.578192604544936,3.3200610714885936,,0
,8,4.742728042955322,3.1067246907471655,,0
,8,4.7276546355886016,3.318783064611658,,0
,8,4.830083798461118,3.0599727157691787,,0
,8,4.861332985253812,3.7093356337506407,,0
,8,4.766061649672437,3.1525261702872975,,0
,8,4.390877519869301,3.1228088643338867,,0
,8,4.626057683191346,3.3051829948652616,,0
,8,5.1173774978804065,3.0632799188928916,,0
,8,4.42124516926397,3.0236101134438225,,0
,8,4.74680101940642,3.1426891385359976,0.0,0
,8,4.325341829468065,2.9801087750509603,,0
,8,4.868018198870309,3.119236426395932,,0
,8,5.490007770988921,3.2683718782448032,,1
,8,4.958528885023536,3.158654406233329,,0
,8,5.621060651537891,3.1597530200296213,,1
,8,4.478735665184489,3.119012527432544,,0
,8,4.868557722211189,2.901562393893387,,0
,8,5.303636111625492,3.210207669342862,,1
,8,5.13981679464674,3.5588880740028372,,0
,8,4.717243034425784,3.3627481568476156,,0
,8,5.083608009330948,3.5098447490631934,,0
,8,4.89575447419461,3.0581828359146894,,0
,8,4.996618006692175,3.639654231336738,,0
,8,4.932510308148898,3.130258135482593,,0
,8,4.374447469331289,2.935273201079202,0.0,0
,8,5.303109215041443,3.3767335111232453,,0
,8,4.571141948065351,3.706301382315722,0.0,0
,8,4.479119164776453,3.09903045195351,,0
,8,5.16617606135095,3.517653238044435,0.0,0
,8,5.049806873437482,3.2739452209352997,,0
,8,5.04734859672403,3.64652985201738,,0
,8,4.962527017436363,3.1984410060000723,,0
,8,5.210793508083585,3.304371717636239,,0
,8,5.122329847416192,3.41410203515024,,0
,8,4.684245756902653,3.211997955463174,,0
,8,4.286667606318331,2.915900906886522,,0
,8,4.652624379318395,3.067037424659164,,0
,8,5.074437876933748,3.4379577703585955,,0
,8,5.407988903240248,3.384976487426556,,0
,8,4.566702146743723,3.109055186595308,,0
,8,4.985284888909106,3.47198041689366,,0
,8,4.82909487783088,2.892044833730437,,0
,8,4.36733746546694,2.87634354193732,,0
,8,4.604545681670601,3.1918018706750297,0.0,0
,8,5.163213246410227,3.339183145346895,,0
,8,4.905982969021968,2.9596152332434076,,0
,8,4.751295442445631,2.9810395885843453,0.0,0
,8,4.948008648032111,3.547630138278925,,0
,8,4.905388923555979,2.9752381325207042,,0
,8,4.911283103477926,3.6121214786977522,,0
,8,4.716437761934091,3.150953320037378,,0
,8,4.665658687447312,2.9693508374340776,,0
,8,4.867528747965649,3.0859893258275966,,0
,8,4.711691551695037,3.178277218340751,,0
,8,5.08696518708143,3.6090690436809214,,0
,8,5.179570202799087,3.274393294706602,,0
,8,5.10410401954668,3.567379596075325,,0
,8,5.1250929919044,3.5081620812237184,,0
,8,4.620542818129504,3.574860007557206,,0
,9,7.120998160970852,3.6217915877451006,,2
,9,7.2171757815290345,3.6256234729175905,2.0,2
,9,7.342395762664826,3.621148598446026,,2
